{"cameraMode":{"drawMode":0,"name":"Shaded","section":"Shading Mode"},"sceneLighting":true,"audioPlay":false,"sceneViewState":{"m_AlwaysRefresh":false,"showFog":true,"showSkybox":true,"showFlares":true,"showImageEffects":true,"showParticleSystems":true,"showVisualEffectGraphs":true,"m_FxEnabled":true},"in2DMode":false,"pivot":{"x":15.351785659790039,"y":0.2885475158691406,"z":-464.04010009765627},"rotation":{"x":0.19394193589687348,"y":0.7116634845733643,"z":-0.21571394801139832,"w":0.6398351192474365},"size":2.0532402992248537,"orthographic":false}